login,n,name,blog
0solarfox0,2,NA,
a-rosenberg,1,NA,
a2800276,1,Tim Becker,
Abinashbunty,1,Abinash Satapathy,https://abinash.nl
adam-gruer,1,Adam Gruer,adamgruer.rbind.io
adidoit,1,Adi Pradhan,https://www.linkedin.com/in/adipradhan/
Adrianzo,1,A. s.,
aephidayatuloh,1,Aep Hidyatuloh,
agila5,1,Andrea Gilardi,https://agila5.github.io/
ajay-d,1,Ajay Deonarine,http://deonarine.com/
AlanFeder,1,Alan Feder,
alberto-agudo,9,Alberto Agudo,https://alberto-agudo.github.io/
AlbertRapp,1,Albert Rapp,
aleloi,1,NA,
alonzi,1,pete,https://datascience.virginia.edu/
ALShum,1,Alex,www.ALShum.com
amacfarland,1,Andrew M.,
andland,1,Andrew Landgraf,http://andrewlandgraf.com
andyhuynh92,1,NA,
angela-li,1,Angela Li,
aquarhead,1,LOU Xun,https://aqd.is
ariespirgel,2,NA,https://arie.rbind.io
august-18,1,NA,
aviast,1,Michael Henry,
azzaea,1,Azza Ahmed,https://azzaea.netlify.com/
bambooforest,1,Steven Moran,https://scholar.google.com/citations?user=PpTOh08AAAAJ&hl=en
BarkleyBG,1,Brian G. Barkley,BarkleyBG.netlify.com
batpigandme,5,Mara Averick,https://dataand.me
BB1464,1,Oluwafemi OYEDELE,statisticalinference.netlify.app
bbrewington,1,Brent Brewington,https://www.aimpointdigital.com/team/brent-brewington
beatrizmilz,1,Beatriz Milz,https://beamilz.com
behrman,29,Bill Behrman,
benherbertson,3,ben-herbertson,
benmarwick,2,Ben Marwick,http://faculty.washington.edu/bmarwick/
bensteinberg,4,Ben Steinberg,
bentyeh,1,Benjamin Yeh,https://bentyeh.github.io
betulturkoglu,1,Betul Turkoglu,
bgreenwell,9,Brandon Greenwell,https://bgreenwell.netlify.com/
BinxiePeterson,1,Bianca Peterson,
BirgerNi,1,Birger Niklas,
boardtc,1,Tom Corcoran,
c-hoh,1,Christian,hohenfeld.is
caddycarine,1,Caddy,
camillevleonard,1,Camille V Leonard,https://www.camillevleonard.com/
canovasjm,1,NA,
capnrefsmmat,1,Alex Reinhart,https://www.refsmmat.com
cedricbatailler,1,Cedric Batailler,cedricbatailler.me
christina-wei,1,Christina Wei,
chrmongeau,1,Christian Mongeau,http://mongeau.net
coopermor,2,Cooper Morris,
csgillespie,7,Colin Gillespie,https://www.jumpingrivers.com
csrvermaak,7,Rademeyer Vermaak,
cthierst,1,Chloe Thierstein,
ctsa,1,Chris Saunders,http://www.linkedin.com/in/christophertsaunders
curious-abhinav,1,Abhinav Singh,
curtisalexander,1,Curtis Alexander,
cwarden,2,Christian G. Warden,http://xn.pinkhamster.net/
cwickham,1,Charlotte Wickham,http://cwick.co.nz
daniel-stafford,1,Daniel Stafford,
darrkj,1,Kenny Darrell,http://darrkj.github.io/blogs
davidkane9,5,David Kane,www.davidkane.info
davidrsch,9,David,
davidrubinger,1,David Rubinger,https://medium.com/@david.rubinger
DDClark,1,David Clark,
derwinmcgeary,1,Derwin McGeary,http://derwinmcgeary.github.io
dgromer,2,Daniel Gromer,
Divider85,3,Qasim Alhammad,https://datahypothesis.com/
djbirke,1,NA,
djnavarro,1,Danielle Navarro,https://djnavarro.net
dlaehnemann,1,David Laehnemann,
DOH-RPS1303,1,Russell Shean,
dpastoor,2,Devin Pastoor,
DSGeoff,1,NA,
dthakkar09,1,Devarshi Thakkar,
duju211,13,Julian During,
dylancashman,1,Dylan Cashman,https://dylancashman.github.io/
e-linc,1,NA,
eddelbuettel,1,Dirk Eddelbuettel,https://dirk.eddelbuettel.com
EdwinTh,4,Edwin Thoen,thats-so-random.com
elgabbas,1,Ahmed El-Gabbas,https://elgabbas.netlify.app
ercan7,1,Ercan Karadas,
EricKit,1,Eric Kitaif,
ericwatt,1,Eric Watt,www.ericdwatt.com
erikerhardt,2,Erik Erhardt,StatAcumen.com
etiennebr,2,Etienne B. Racine,
evjrob,1,Everett Robinson,
fellennert,1,NA,
fileds,1,Filip Edström,
flemmingmiguel,1,Flemming Miguel,
florisvdh,7,Floris Vanderhaeghe,
funkybluehen,1,NA,
gabrivera,2,NA,
gadenbuie,1,Garrick Aden-Buie,https://garrickadenbuie.com
ganong123,1,Peter Ganong,voices.uchicago.edu/ganong
garrettgman,103,Garrett Grolemund,
GeroVanMi,1,Gerome Meyer,
gl-eb,1,Gleb Ebert,gl-eb.me
GoldbergData,1,Josh Goldberg,https://joshuagoldberg.name
granieri,1,Max Ranieri,
gridgrad,1,bahadir cankardes,
gustavdelius,2,Gustav W Delius,
hadley,1176,Hadley Wickham,https://hadley.nz
hao-trivago,2,Hao Chen,
harrismcgehee,7,Harris McGehee,https://gist.github.com/harrismcgehee
hbeale,1,NA,
hendrikweisser,1,Hendrik Weisser,
hengnicai,1,Hengni Cai,
Iain-S,1,Iain Stenson,
iansealy,3,Ian Sealy,
ijlyttle,3,Ian Lyttle,https://observablehq.com/@ijlyttle
ivan-krukov,1,Ivan Krukov,
jacobkap,1,Jacob Kaplan,http://jacobdkaplan.com/
jazzlw,1,Jazz Weisman,
jdblischak,1,John Blischak,https://jdblischak.com/
jdstorey,1,John D. Storey,http://jdstorey.github.io/
jefferis,1,Gregory Jefferis,http://www2.mrc-lmb.cam.ac.uk/group-leaders/h-to-m/gregory-jefferis/
JeffreyRStevens,2,Jeffrey Stevens,https://jeffreyrstevens.github.io/
JeldorPKU,1,蒋雨蒙,https://jeldorpku.github.io
jennybc,5,Jennifer (Jenny) Bryan,https://jennybryan.org
jenren,1,Jen Ren,
jeroenjanssens,1,Jeroen Janssens,https://jeroenjanssens.com
jeromecholewa,1,NA,
jimhester,2,Jim Hester,http://www.jimhester.com
jjchern,6,JJ Chen,
jkolacz,1,Jacek Kolacz,
joannejang,2,Joanne Jang,joannejang.com
johannes4998,1,NA,
johnsears,1,John Sears,
jonathanflint,1,NA,
JonathanNankivell,1,NA,
jonmcalder,1,Jon Calder,http://joncalder.co.za
jonpage,3,Jon Page,https://jon.page
jonthegeek,1,Jon Harmon,http://jonthegeek.com
jooyoungseo,2,JooYoung Seo,https://jooyoungseo.github.io
jpetuchovas,1,Justinas Petuchovas,
jrdnbradford,1,Jordan Bradford,
jrnold,4,Jeffrey Arnold,https://jrnold.ai
jroberayalas,7,Jose Roberto Ayala Solares,jroberayalas.netlify.com
jtr13,1,Joyce Robbins,
juandering,1,NA,
jules32,1,Julia Stewart Lowndes,http://jules32.github.io
JustinianOfByzantium,1,NA,
kaetschap,1,Sonja,
karawoo,1,Kara Woo,https://karawoo.com
katrinleinweber,1,Katrin Leinweber,GitLab.com/KatrinLeinweber
kdpsingh,5,Karandeep Singh,
kevinxperese,5,Kevin Perese,
kew24,1,NA,
kferris10,1,Kevin Ferris,
kirillseva,2,Kirill Sevastyanenko,
KittJonathan,15,Jonathan Kitt,https://jonathankitt.netlify.app/
kleintom,1,Tom Klein,
koalabearski,1,NA,
krlmlr,1,Kirill Müller,https://fosstodon.org/@kirill
ktang,1,Kai Tang (唐恺),https://www.linkedin.com/in/kai-tang-0508/
kucharsky,1,Rafał Kucharski,
kwstat,1,Kevin Wright,
landesbergn,1,Noah Landesberg,noahlandesberg.com
lawwu,1,Lawrence Wu,https://lawwu.github.io/blog.html
Layalchristine24,2,Layal Christine Lettry,https://lclettry.com
leorjorge,1,Leonardo R. Jorge,
leovuong,2,Luong Vuong (Leo),https://www.linkedin.com/in/my-luong-v-3a7161a3/
Lextuga007,1,Zoë Turner,https://philosopher-analyst.netlify.app/
lindbrook,1,NA,
lionel-,1,Lionel Henry,
lodagro,1,Wouter Overmeire,
lwjohnst86,2,Luke W. Johnston,lukewjohnston.com
MarckK,1,Kara de la Marck,https://www.linkedin.com/in/karadelamarck
marwahaha,1,Kunal Marwaha,kunalmarwaha.com/about
matanhakim,1,Matan Hakim,http://matanhakim.org
math-mcshane,1,Dr. Ryan McShane,ryanmcshane.com
MatthiasLiew,3,Matthias Liew,
MattTheCuber,1,Matthew Vine,
MattWittbrodt,1,Matt Wittbrodt,mattwittbrodt.com
maurolepore,2,Mauro Lepore,
mbeveridge,7,Mark Beveridge,https://twitter.com/mbeveridge
mcewenkhundi,1,McEwen Khundi,https://mcewenkhundi.github.io/mcewenkhundi/
mcsnowface,6,Stefan Schreiber,envirostats.ca
mdavis-xyz,3,Matthew Davis,https://www.mdavis.xyz
mfherman,1,Matt Herman,mattherman.info
mghaight,1,Mackenzie Haight,
michaelboerman,1,Michael Boerman,https://michaelboerman.com
michaelgrund,4,Michael Grund,
mine-cetinkaya-rundel,229,Mine Cetinkaya-Rundel,http://mine-cr.com
mitsuoxv,50,Mitsuo Shiota,https://mitsuoxv.rbind.io/
mjhendrickson,1,Matthew Hendrickson,https://about.me/matthew.j.hendrickson
MJMarshall,2,NA,
mkfin7,1,Misty Knight-Finley,
mmhamdy,1,Mohammed Hamdy,
mnazarov,1,Maxim Nazarov,
mpaulacaldas,4,María Paula Caldas,mpaulacaldas.com
mustafaascha,1,Mustafa Ascha,http://mustafa.fyi
nareal,1,Nelson Areal,nelsonareal.net
nate-d-olson,1,Nate Olson,
nateaff,1,Nathanael,
nattalides,1,NA,
ndrscalia,1,Andrea Scalia,
NedJWestern,1,Ned Western,
nickclark1000,1,Nick Clark,
nickelas,1,NA,
nirmalpatel,2,Nirmal Patel,nirmalpatel.net
nischalshrestha,1,Nischal Shrestha,http://nischalshrestha.me
njtierney,1,Nicholas Tierney,https://www.njtierney.com
Nowosad,6,Jakub,https://jakubnowosad.com
nstjhp,1,Nick Pullen,
olivier6088,1,NA,
oliviercailloux,1,Olivier Cailloux,https://www.lamsade.dauphine.fr/~ocailloux/
olivroy,1,NA,
p0bs,1,Robin Penfold,https://p0bs.com
pabloedug,3,Pablo E. Garcia,
padamson,1,Paul Adamson,padamson.github.io
PashaMS,1,Pasha,https://www.linkedin.com/in/pashaforoudi/
penelopeysm,1,Penelope Yong,
peterhurford,1,Peter Wildeford,http://www.peterhurford.com
petzi53,14,Peter Baumgartner,https://notes.peter-baumgartner.net/
pkq,4,Patrick C. Kennedy,
pooyataher,1,Pooya Taherkhani,https://gitlab.com/pooyat
PursuitOfDataScience,14,Youzhi Yu,
radugrosu,10,Radu Grosu,radugrosu.com
raffaem,2,Raffaele Mancuso,https://raffaem.github.io
Ranae,2,Ranae Dietzel,ranae.github.io
rastrau,2,Ralph Straumann,https://ralphstraumann.ch
raynamharris,1,Rayna M Harris,https://www.raynamharris.com
ReeceGoding,1,Reece Goding,
rgertenbach,1,Robin Gertenbach,
RIngyao,1,Jajo,
rivaquiroga,1,Riva Quiroga,https://rivaquiroga.cl/
RJHKnight,1,Richard Knight,
rlzijdeman,2,Richard Zijdeman,
robertchu03,1,NA,
RobinKohrs,1,Robin Kohrs,https://quarantino.netlify.app/
Robinlovelace,2,Robin Lovelace,https://www.robinlovelace.net
robinsones,1,Emily Robinson,hookedondata.org
robtenorio,1,Rob Tenorio,
RodAli,1,Rod Mazloomi,
RohanAlexander,5,Rohan Alexander,https://www.rohanalexander.com/
RomeroBarata,1,Romero Morais,https://romeromorais.netlify.app/
rudeboybert,1,Albert Y. Kim,http://rudeboybert.rbind.io/
saghirb,3,Saghir,https://ilustat.com
salmasian,1,Hojjat Salmasian,
sauercrowd,1,Jonas Otten,https://blog.jonas.foo/
sciencificity,3,Vebash Naidoo,https://sciencificity-blog.netlify.app/
seamus-mckinsey,4,Seamus McKinsey,seamus.netlify.app
seanpwilliams,1,NA,
seasmith,1,Luke Smith,https://seasmith.github.io
sedaghatfar,3,Matthew Sedaghatfar,Tevunah.com
sekR4,1,Sebastian Kraus,https://mlwithcoffee.com
sfirke,1,Sam Firke,samfirke.com
ShanEllis,1,Shannon Ellis,https://shannon-ellis.com/
shleeneu,1,NA,
shoili,1,NA,shoili.github.io
Shurakai,2,Christian Heinrich,
sibusiso16,52,S'busiso Mkhondwane,
sm-raiyyan,1,SM Raiyyan,
sonicdoe,11,Jakob Krigovsky,https://sonicdoe.com
stephan-koenig,3,Stephan Koenig,stephankoenig.io
stephenbalogun,6,Stephen Balogun,https://stephenbalogun.github.io/stbalogun/
StevenMMortimer,1,Steven M. Mortimer,https://stevenmortimer.com
stevenprimeaux,3,Steven Primeaux,
stragu,4,Stéphane Guillou,https://stragu.gitlab.io/
sulgik,2,Sulgi Kim,
svenski,1,Sergiusz Bleja,
talgalili,1,Tal Galili,https://www.r-statistics.com
tappek,1,Kevin Tappe,
Taurenamo,1,Alec Fisher,
tgerarden,1,Todd Gerarden,http://toddgerarden.com
thisisnic,1,Nic Crane,niccrane.com
thomasggodfrey,1,Tom Godfrey,
timbroderick,1,Tim Broderick,http://www.timbroderick.net
timwaterhouse,1,Tim Waterhouse,
tjmahr,1,TJ Mahr,tjmahr.com
tklebel,4,Thomas Klebel,https://thomasklebel.eu
tomjamesprior,1,Tom Prior,
tteo,4,Terence,tteo.github.io
twgardner2,1,NA,
ulyngs,4,Ulrik Lyngs,www.ulriklyngs.com
uribo,1,Shinya Uryu,https://uribo.hatenablog.com
vanderlindenma,1,Martin Van der Linden,
waltersom,1,Walter Somerville,
werkstattcodes,1,NA,http://werk.statt.codes
wibeasley,2,Will Beasley,http://scholar.google.com/citations?user=ffsJTC0AAAAJ&hl=en
yihui,4,Yihui Xie,https://yihui.org
yimingli,3,Yiming Paul Li,
yingxingwu,1,NA,
ynsec37,1,Enki Wang,
yutannihilation,1,Hiroaki Yutani,https://yutannihilation.github.io/
yuyu-aung,1,Yu Yu Aung,
yvonnefroehlich,6,Yvonne Fröhlich,
yyzeng,2,Yongyi Zeng,
zachbogart,1,Zach Bogart,zachbogart.com
zeal626,1,NA,
zekiakyol,16,Zeki Akyol,zekiakyol.com
